id,z
575d24d81d,843
a266a2a9df,794
75efad62c1,468
34e51dba6a,727
4875705fb0,797
782ae9b7e7,677
9842f69f8d,907
aa94cfb806,754
50d3073821,810
28f865caaa,147
b5e1371b3b,325
57e394bc67,765
b45ad3932e,613
ef51bbcde7,712
d4d34af4f7,114
302ea1ac81,470
40dcff68b3,707
7845115d01,343
3da729cae9,707
d67e3a11d8,585
b3396387a6,407
a5471f53d8,659
d27831fef2,657
7faea04242,818
9747413253,472
b9614348f4,429
4696bb53e6,438
fc250f574c,684
005b452274,657
02117a400e,696
4e4cadf03f,703
1ee0d5b4d0,307
fdc28cafdc,338
2bc8a3db3c,353
35fd991255,333
68a2df3195,555
3be0c0be8e,797
1f0b16aa13,364
9bf982cf65,716
36aa21019e,482
d422a9eb8f,662
e0b6a1211f,193
5e3c2aa2bb,307
d3f3db7bd1,258
0b176124c4,744
368f635c4c,698
eabe9337a9,540
c4f2799234,188
50290e75f9,658
06289f69f8,644
3f8634704b,634
f328eccbf3,514
9f0ebbd210,492
dd5a90cf89,226
5b836d2444,810
6c3a9009c8,759
1263576548,398
5edb37f5a8,182
3f8a8f4715,456
75e041fbd8,668
58777a8c79,332
b2899a1188,739
428a877104,919
13209940d7,475
d0319f0ec5,380
b92ff69b44,243
9e9f3940a9,405
728890d8f8,548
754cfc4b80,943
127ef4105f,476
42758bb41a,259
4e6855dbae,500
4a12baccc4,566
3281bb7282,637
f1774ff8e8,670
628ea36ba6,680
95a60e2f42,558
e2421eee13,483
fcb49356a5,91
63feb8de2b,751
992572448c,262
0926b7396b,673
8f407b64ae,144
e667f4d290,298
7deaf30c4a,365
28553d5d42,313
be565e046b,801
b183b2ddc4,347
cf11876547,518
495a2d3c7c,470
a536f382ec,152
8fb68e99e8,312
a8247ac73a,128
9f3b8d0186,469
05be75afd9,708
e4159ed1de,520
3ed6d1c7df,633
7977cbab6f,224
b221ece24b,529
29d8bf3a4c,834
400e66f34e,361
4b522e501e,311
7fadb8efe8,678
702209f0b3,756
1d93614392,635
fd1be18f7d,460
670d9655d5,464
c72b546073,247
6a1783be17,392
b4f6d6f1aa,658
b525824dfc,628
e353ae4dd5,693
9ca84742ef,537
f057258486,263
393048bc6c,107
684555a30a,404
cae1a9f23f,643
525be73de5,197
5c7f310937,694
edf47afe46,325
a05ae39815,337
97515a958d,82
0898e36ee6,866
89a74723fd,472
9a48617407,74
d26e890704,530
1cad8c327b,613
db548fd037,596
cd1b2e49f4,265
1e4c96a9cd,562
f712d8b870,279
47aba1e35c,530
51e82eaa5b,230
535503063e,692
1ab49f29e9,915
8320911258,290
99909324ed,67
87d58438cc,419
9d462381b0,927
ab18a0a7fa,547
40a571cf0f,445
a076699b79,410
f45dbe6541,436
a9e940dccd,339
3de0c773e1,324
9fbd3ca3b5,295
340fe814a3,652
f65a52f375,217
e6674212ce,474
e030bdae65,630
da082ec985,487
737e6513c8,127
ef29bdffc6,733
7e9e46174c,247
a774562f5e,282
e92f67b3c7,301
b506085af9,146
948d73d7c2,947
ef654c1b73,946
cddb50fb4b,575
2a070f3dc6,716
40d01e18a0,280
62966dffd3,817
54dd074cd7,738
75d70e2411,530
eab589e1f2,63
9dcb043fa9,558
2f5377ea9d,845
db32e0961b,605
3634f29aac,672
c2e9f328e3,481
676d100540,655
a21afccc50,369
7d8b219e1c,668
057eae4f34,360
3116a9d54c,887
1c02222ef8,670
24a8ae9bb9,560
132e30cffd,790
dca83468d2,320
6c91546a57,220
5d752d6d4a,235
836eedd4a7,504
36e68393b6,586
697f80cece,154
53dab98a36,574
287aea3a3b,452
34d2af0f86,818
d3b6c08868,206
b80db32c01,704
62d6a9b673,115
96f8fd0d4b,228
045c5516a2,515
51846d4c96,579
0429d9759b,737
d8b2dc2e8a,659
962348be7a,660
8d141a0b7a,687
fd0d237b01,824
71d3bf0ea8,803
3edc3edf92,330
86c1109730,782
b5bdff9392,919
4702cdd4f0,350
baa743f4b4,438
ac412e6d55,555
6493c2cbab,230
d538594e14,107
a86acaf330,206
483b35d589,691
4b2af55ae6,841
8c1d0929a2,77
d629a56d3c,482
c450f9d7f4,637
40d96e8022,583
5ef096aeac,598
83bb4578eb,386
57e0cff707,289
96049af037,128
4d33311a1e,887
de1142326e,446
8daa7e48d1,149
7504d73df8,462
34b32c5b5d,767
960f92cf81,848
78f17697f2,607
0df375dc9c,746
0fea4b5049,382
8c477d6abf,558
3cc59342bd,386
726a0d854d,846
216aa6275d,637
8ddaea54ce,452
f342603c76,754
f456e3161d,584
86fe531971,766
b57e98a275,497
71438f26ec,947
d800abe6a4,709
51b639314d,318
a7b918d80e,290
f0c401b64b,625
a93c251217,229
c613a090a4,596
d765e53b37,844
c9da9c3d42,591
dfc8a378b7,820
e5a22d144d,520
f4e6928ad4,720
9385125b12,266
c901f669f8,511
89dfb7ba1d,547
6b996daecc,632
13037dfbb2,670
b74ecdfe20,377
eabed5b2b4,207
c78c89577c,236
e2f397d206,262
75c554378e,569
e446b0b4b6,659
203f6117be,563
7e737a6cc6,557
1efe1909ed,143
1825fadf99,157
106a222c7c,375
691dc0bc42,453
cc4344175e,677
19e749d0b1,193
e875c9a960,576
d7cf3bf4e9,465
5aa0015d15,54
ee5e9e4570,302
849881c690,701
d7398cfded,406
042c3d4e03,668
8c976149d0,648
9d173ec22a,599
8c88cf3d22,153
fba91bfec8,581
82e88d973f,428
c1c54ad4ba,850
395e668f22,949
4848a3a509,729
d9fb5b47e2,176
4985566e7d,105
a554d2d4a3,481
a4e8ba21d1,461
401b591c07,484
79fed5a697,706
9736389261,657
2717821409,609
ccd6841e90,484
8e13060816,164
24f27c4087,821
a9df598e16,350
5a3c38104c,876
a0ea88f6a5,281
299ba3cf34,715
82c340f4e5,474
4be85a3110,352
36f9ab3ee0,471
483372b203,421
0249c49180,402
56ac5605d2,245
99817a653e,252
cdc7d77e77,731
86866ba71d,230
d7a53f942a,456
690b1ce5f7,720
3f22f2ef0e,695
6ddd6a2ec1,455
f9b7196dfc,432
59ceec4f7c,600
16589f0702,705
a3e0a0c779,55
a9ee40cf0d,438
66e922c8d6,730
19bd49e478,758
c83d9529bd,822
17d70fee5c,454
5e95137d5f,308
de95e861ac,251
2f20c083c2,408
c593c662f1,677
cc6abe337d,187
104ce199d8,484
03eed26d3e,183
0aab0afa9c,331
99d3fbf9f1,204
af71ca4ab3,302
0cf9c803b8,688
ecdd648857,574
7aef9898fa,535
05be526826,308
4a5dd4ab45,209
0eacc93ff3,394
ea3cdbd7cd,704
811ebdcc4b,678
aa36cc5b96,818
1bf062bda2,921
2d20ee4eff,711
1804a4c064,713
16e308dbc3,313
2fa330e8fd,252
5bbcd70d2f,724
3fd0ef2d38,660
cef624f327,177
12bf4f2d3b,728
e437c3912d,523
8a02b4a1b7,630
f170afca54,417
20894faad9,777
2af3c055b2,502
27a240a570,135
2e69b6eb16,426
c67832ba86,676
253ee294d9,340
73a2f6fb22,642
ca6bdbc405,337
026b509cd4,150
9a672bfb51,642
99bf605daa,495
d31e3fbfdc,166
9ad32f3c66,481
9ade7d33f2,831
930a21d485,879
eb958a5cc8,615
055ec918b9,421
5ce554e890,313
3c9931bca2,706
173dd2f369,384
d45b4f3b85,531
335474f8ec,610
f7e555a0aa,617
638d8572e9,336
20b26a6ea7,496
268d39db25,631
3e1c11cfa8,613
cf706fb35a,682
6d1afa9d46,569
e98557c9f3,492
082d2910a8,556
e8757626a1,210
2ae425e5a3,340
211fc910da,336
df56e7aaad,458
687dd94fee,813
ac90c088ee,202
8b09c914be,590
d17f801011,846
52667992f8,378
9ce55dc2c9,786
bfb0e22b53,311
58135d5189,710
8a58fe70f8,952
4bd876a71c,306
bab30e51b8,333
4f3368a855,682
8db5bf9be2,437
1439570aec,529
246d86ba32,488
9790f7880b,544
d99612d949,494
35bbf1302b,596
81491224d7,497
ce1f9711bc,762
502b97b954,704
fd51e63c83,766
6ea5191e2a,591
f9a3d103d7,808
ea9dfe6f60,590
0280db420c,433
c5caa57f2f,488
2af008d773,560
8bc707feee,520
3ed6168b22,542
27870bb184,425
ba1287cb48,566
437fbb64d4,657
43a9c21cea,588
9898ce93d6,410
4279e747a0,520
44e3f20074,433
613fb95edf,616
2b723b8474,153
e204511fd2,167
1a4278325d,501
25dc959ebd,153
9ae45b19d3,687
d308ec69d3,736
ed52743a1b,277
2ee6e81e4b,472
86f2fd7025,509
6a6b42a6f2,837
bce4cdea7f,723
8d839a365b,461
065ce5590e,765
11a54f2eff,820
25143d7837,452
21d01a8e82,264
1495558064,495
f0e99e9761,550
e86361f5d1,541
a4e90eef39,463
cfe4dd9f7e,804
5c87971507,867
697af33de9,354
5446a64ba5,498
a39388bd3f,372
0642bbbc5f,150
95bdc8b506,579
71ef380e21,343
3bd3216e16,607
358b9acfb5,705
bea9b0571b,366
5bb48ef0ea,454
36ad52a2e8,544
5fe4e3f5e6,616
e1ce826217,719
7e40cdf1f3,746
39a05bf91f,749
cb677fab7a,525
dae96d99b2,126
f87154ea7b,460
91a0ac314c,550
d2ea97ca4e,522
0aabdb423e,806
90f37a2a28,490
60bbd166a4,552
6e3c46c2d3,214
75fb579aa2,562
ca511bc319,600
7af84fef71,496
76e1428103,400
6e1bb2e64a,668
a7f7a964f5,339
89097ab99b,671
7df431274e,594
a24080b4a0,316
96d917e53d,528
e24e9afdd1,232
38e018ea0f,721
3ca252f526,435
d82b80a555,617
851498c095,269
3501da04b2,271
4766b51055,640
6a57dfd211,635
a5c6cde207,614
ca78405cea,403
40aaac97b1,551
9a6cf411ff,574
b2d7897c35,107
96998d1ad9,720
ed081aa065,687
8b44342fd9,948
61eb86f1ad,720
91b91fd79b,274
d2c800e9f5,339
38dfaadc68,301
e53c2e8771,600
a8503e0dc8,755
1abf3d7f60,649
c37f7c51e9,586
aeba5383e4,352
63193879b4,127
c20069b110,231
c43b8533c4,150
2b76b47947,490
395726930f,613
c0aa0c7b66,837
7796858a9b,442
4b3502ca99,402
2fd6d25adb,129
822043d604,748
044106f759,615
c701db91e2,359
178d777950,599
caccd6708f,747
1a8a17f220,120
7f01757d4c,602
bfc47bbe13,351
966fb0cdbb,427
7ede03dede,351
a18073f2a2,407
90d2cdb32d,266
61b42f8f0e,339
f5a0acc480,352
c9c0097eff,595
816c9d6d5d,666
2e8bf3f7b3,687
00441f1cf2,330
d0cba16846,559
d30e73de0c,365
1f805e4733,536
7eb42fe5ec,389
526d63530a,345
46b7364b81,451
1af44a9db0,522
b45f9383e9,198
7c6221dbb8,226
44425dc49d,342
2fb152d905,499
368767c9fd,261
b13f0dbc84,704
6d2a5a2fe2,242
ea2f1fa62f,532
c4b05c2eaa,498
9a4f625408,825
3ee87f1ea6,219
d6437d0c25,291
76c76f8056,621
9a1fbef3e3,631
2596227117,430
49fe2ee7ba,546
89e7c93d0c,301
6b377327b1,399
71c0fd5516,571
868e7a70ae,286
a446aa0ac8,834
33dfe8b243,588
b461a5b584,365
a19163fc11,248
cb4f7abe67,183
5343d4837c,700
500683ce7e,830
37e16a5404,539
287d035464,693
adf2a57778,702
bc5ee94de7,128
eeb18519bc,826
14152a6731,695
ad297bfd03,261
976eb05465,692
0df9f16bc9,847
e2e4fcf83e,798
d7e93ff9c2,348
fa08ffa6fb,468
ce0e9def63,710
13483cd62a,472
d3fdfb9e8f,689
b04c03e3d4,347
32f4fd66ae,655
6d4fca6a35,443
12d09b9fa4,444
5fc8bb94aa,187
e0cfbbcb0c,733
11a14b9fcd,307
010ee525b6,130
f4f0fd932e,301
7e58c5a1f6,398
a65aa82e0a,504
c0ffa90c4a,467
7c6f76a267,369
5395202313,705
438443e0d3,316
e26c381bd4,397
3bbf82fc28,406
cd5c9532e4,630
bce104494c,870
ddd0be8fd5,88
60b7303d20,213
904f3fc07a,792
78299d7a47,885
abcc448c24,734
cc2da77c17,350
466030918d,411
7fc1ce1cb4,234
8b5232fcfa,772
db0238e5c7,288
74ab2a9b1a,240
bd20d18369,513
2ffea0c397,429
c95d3f1510,610
23eb8cfbc0,799
8811181716,301
d0bbe4fd97,847
4d6121dae0,263
e61d42e6cf,365
5b72ade49e,447
75ad49564c,402
a9ebb78977,622
886c96ffb8,583
99aefa9443,516
04711cb760,721
16b2119ffa,558
066e0ce4c3,490
3cf0203cfb,272
08dc3c9a23,588
bcae7b57ec,291
1aef65e24b,191
f8ba90c991,88
7a9610078a,905
475fafb8e2,258
80363d0458,315
32273eef45,435
530f759c6f,608
f6c49acac0,542
e7da2d7800,118
7db9b53d89,406
314db606fd,370
3984ed8d4e,392
10b19bd1f8,353
0a7e067255,477
7cc53fe88b,452
365abbdf77,651
d2aa4238f7,819
a32a4a2256,506
deaa0ab2b8,570
877f9dd0a7,262
2a00ecc904,417
3ddb2ff7a4,835
12e859e91d,545
4b0bf2f4a1,450
52aa9a9703,744
85cf79a2cb,628
e045664b46,612
07ac7e530f,638
b9fe322e38,630
1a288f27bf,149
1d685060b2,432
6752a6815f,135
6ec6e26ddd,590
35ba6f2faf,596
071c81c9ad,429
d1f8ba2f02,378
9447159eb7,275
fe6e74532c,732
36db23ceb8,787
39400e0443,804
2a6477aee8,290
7b9facc0aa,462
0c0f001366,390
7524d9b7bf,485
bb9ad7c38d,122
184356736e,592
0243477802,261
690514a3e4,133
e8e8b96a84,782
3a3281b37d,387
3ec0423139,753
99b602dde4,234
504c4a71d2,576
6d46f994ac,676
3c35e3ad94,807
6f438c26f8,206
393f2db0b0,359
1544a0e952,425
6c49b277aa,809
61bd2ee822,777
e560423302,585
4a7418a5e6,829
9fe6cf976f,661
9b29ca561d,349
e23a93a95e,505
97e2c6b5c5,698
45180088a6,886
9b4aa94aed,676
db02a30bb8,348
576fd5de16,191
ff1e8ed948,611
aeebdd4350,836
ad2113ea1c,54
9e64fc57aa,516
590e6bdbef,660
24e98d224a,823
3cb59a4fdc,603
b329b390e4,800
29fd4ba626,671
c0a37fef54,850
f646560aa9,938
96857148ca,444
c112748161,396
ea7425da00,656
e05db130be,189
4cfee4b097,560
b24d3673e1,945
855f399924,454
6c45d80d1e,334
17dd87aefa,534
114d62da56,458
80694aa70f,476
3a7bbd73af,82
7f826d312e,406
eaefc56247,455
fadd6aa446,283
2d5f4b0213,598
323882f716,144
70c082d59e,248
db1eeaebb4,693
a1b5786252,451
58ad72a266,245
4f349b5ab8,148
190febf6cd,586
07bb074759,478
6a0f5a8b42,569
2c45b152f1,312
d96af7c9cc,824
2fb6791298,159
a1526d3c6e,200
1d93cf8169,769
fc1ca2fbc8,260
977f897477,530
b0d8f26ad8,762
f9ef613aec,836
964030c032,612
e8f3e42b14,679
d768234bb5,489
41895b0f40,431
e8cf12563d,608
7c9c98aa11,629
0ee8a744eb,531
6d9be2f492,727
66073ddce1,225
989ac5a9de,362
e7442307b1,835
b2c6b8cf57,477
4680bc7373,683
f6e87c1458,128
299ef808f6,119
afd0b385f2,291
b749a000ea,84
2c3c64402e,804
27de423ad3,630
c230cf2a94,556
3f76f25042,707
356fa48ac4,550
ec50263c20,784
0ff9f243e5,566
1d0c2fa004,611
730bddcc02,953
f1d488759e,778
5ad4b1d1ff,592
df8c73e52b,339
90b1ba3bb5,796
430ef30e87,639
0bdd44d530,445
296de39be2,186
b112d9993c,483
d9cf4a6e42,773
90791c2417,577
1da21e7498,579
d31c506913,639
68b593f903,500
b858ccf692,802
65d05b81c6,325
d16591547d,578
ee94d2281f,717
8cf3a6a6f5,743
1f6afee5ca,379
3a33e1eb89,640
e7a5e5e55f,227
c2ca0ed857,597
80a458a2b6,94
231fc4e8e5,524
2a71003f75,436
19843b4e95,763
7ed0489985,441
5c9326f1e4,818
c58b6277c7,687
c0565001a3,572
b540435ae7,923
443985b709,667
903180c447,759
1f1e11aee4,354
0937b1df3f,274
932529c83d,301
22e7cc183f,512
026f97575b,152
ec2664c4cf,833
70b6a2347f,835
2fe186a2c6,533
8ce5996371,447
196cffdb4b,728
1d2c8152bd,686
7b79d341cf,596
9bbb4c7c34,469
5b86544456,277
c385af3da9,270
62f822b156,662
07a81dccdc,630
4336ac847e,838
6bc4c91c27,655
86bc03a8a6,845
53de66df2a,464
918548e472,229
13f448be07,647
0ad0876244,468
8bb7245636,466
f41a025b6c,149
fff4eb4941,693
d967181724,581
9c5c26e2ba,639
b942b38a45,802
ce14d335bf,309
9819277faa,307
572f0b1ad8,639
8f1fbec1e6,708
71a7c521ef,348
74d574653f,823
0589f557d7,523
cd249859fa,410
9a6c280d8d,701
e82162c83c,884
ffe228a7e3,585
6cb11aa807,512
bfd1d7caa1,592
52020f0fd4,367
a112a63d2d,688
52fdbf981f,616
5ebe9e404d,685
f85054273a,406
eed6c66da4,111
594712691d,466
cde14bb8d2,593
6a3f8feaea,789
94c8aad517,332
9b3d4b0379,232
3218afdc84,846
2a484baa26,669
113b017a91,581
dd9a94a797,102
f115ca6981,158
4c7e3c71e6,761
26000ba320,145
7242ab00b6,601
00cda0328c,564
7ed79f8f56,789
fcbc5cef9d,660
7555f79a2c,223
6c61beb5dd,112
62a0ee9480,588
1a28f06897,460
6a89c7a85d,663
a568cc8273,626
43a1dbb062,706
74fa9386ae,238
4514686882,379
45fb16d378,678
c387a012fc,478
2eea9d51a4,105
1017084680,512
5f397e0074,798
fb58510ec6,754
7d9f0dacd0,641
12e94a5a08,566
a6ec5aa914,831
dcb1eee6e3,196
ff2c353279,729
fdc06fea10,872
268baf2d43,262
48b8dda801,297
6fe2b681e4,230
7d0cea3489,407
2578042000,612
9b1f59b89c,380
934cd14205,555
65aadb6f53,372
e813f3d1bf,579
1a37af90c1,136
4b873df7a2,603
a35ba23a41,175
7c41f727b9,956
14bba6af57,628
d3f2336daf,378
dde0ee264b,580
bbf6b192be,527
dfae9e48e8,783
cd69ee839f,444
9f224c71b1,605
ec406285e8,635
9d5d4bf0f1,604
05c7033694,502
3f5adbdcc7,625
3c6fe4b7ba,452
0f3118527c,669
5bb976391e,288
efd1625f2a,737
9bdfa54912,279
641d0227e7,638
db1aa8e608,348
0bca43f7ff,747
2c707479f9,533
3a310860a3,821
a708e52d7c,832
052de39787,649
74de17e9c0,569
ceeaafc4fc,305
c3a963f5e3,652
ee0be71990,194
c756ff4e1f,566
d5023a3662,444
2ce9c36a98,613
09b9330300,842
578b502c6d,578
a6f4e0f8b5,621
d289692ab8,321
34205cc12b,606
89af21b6ee,513
c073b8930c,583
976fcded4d,377
802df9bb5e,535
8b5d38c547,574
d991b7a689,525
3792be0845,443
5f7c5c59f5,674
1bfe4907c1,194
f992390442,651
4e5d643b2f,354
a37249665e,89
db840e1e22,493
62e608259a,109
56810440c4,708
2bf5343f03,545
1ff0aa7f05,585
10e1c8e23a,142
8367b54eac,615
6b2f79f6ff,539
7582c0b2e9,673
04e7e791e2,391
95f6e2b2d1,141
725d92524a,678
9e9ce2e1ce,862
efec1f093e,306
944b46458e,165
09152018c4,916
7a2cca4fe5,764
8e2e3afdb5,572
e476b868ef,677
04315b9a64,475
6c557220d3,494
7c6a2df039,784
618f843c7a,617
e7c54b5f4e,541
5f8f40ce31,223
d6379c1f18,661
1af9e4bbd8,415
f2ffcf3de5,281
4d1efb19d7,570
590e32af63,631
fa25724a62,221
212ba67b51,279
5489419bef,806
d567ba2b49,803
06a361fc57,491
6c95018d5c,630
18449e54f8,553
60d3607be2,426
b3ad13d9e9,131
e1984bebe3,631
b8f92fbe45,356
ad3c6dd8d4,689
89dc091930,640
6b4d65ac6a,770
417833daa4,393
b552fb0d9d,199
5103df3d79,672
03511989ac,434
f870e41e88,426
cafb1294ae,304
3a58606814,501
17e67f9ce4,807
49d061af38,838
b07d4da735,236
6cc7ba6c56,888
cb974e60ca,481
645abba5ec,284
ede36de5cc,483
e7ee2c6dce,669
64e79513a3,341
0a0814464f,665
54cfa66336,767
5aca18a605,264
25845ace3d,235
d2bd2fe97f,761
52a0f74bfe,310
e3cded005d,662
4d04dcd959,537
0c62dfc234,746
92a6b22052,811
29b25b5f03,373
26ec6ef9df,148
da5ab3d506,83
aac747667e,722
324eb2ec65,542
3ced3ed63e,298
5948185d4d,515
c0ef23e386,686
4e86258646,333
e021227dbd,281
e82b7a2abb,115
45b5f91d83,582
30d4fb116b,719
b76b065012,690
ac5f676fa3,637
a1585a58b8,706
c68ee0308f,728
4085f8522d,572
34bd0facd2,490
1c8f6881ac,288
999ae650f6,672
cb9d520cf9,589
5c70da6c2d,327
54dd4658d1,803
48b63017da,844
be18a24c49,314
de08c5a3b7,335
97970b5e2c,235
dbcfdf17a3,328
64e050f295,690
458a05615e,312
f8e67987c6,335
331ec135dd,474
d73189228f,622
30787ad7df,373
c10ff1398a,686
af84304233,261
7a0c8915be,716
116bd22fd0,678
804fcfaf4b,338
321f21e02f,516
46f402dcd5,410
2edf2e3e05,439
ec3130dd0b,622
cf7abfc8bb,487
21ec084221,128
1afddc8196,410
98870eab9e,390
a0b1d96545,622
72e1a1b225,327
912b573a9e,713
b6f907680a,108
d8fca64ebf,499
3404341cc6,813
3276e900a7,420
e12cf83477,742
543acdb5f7,594
2ff32a1188,358
23a7afcb36,177
7d48474434,577
1a2d060823,468
2fbde8630d,538
23afbccfb5,338
0c6ec35477,445
5ff89814f5,268
a2530b4c45,113
3fe0ac38f0,385
ae11c7b131,724
2fe4adfd48,813
3b05fe7a3f,639
73a4c6a4bb,518
7cf386709a,713
fe4f6ff284,857
aebff18bf9,433
51e8e6bfc4,271
5673036fa1,787
0d9adabb2c,665
849ccdf3af,757
3dbbc237c5,818
d00d1ea52b,312
f3220c3590,497
27c035c5ae,489
95a87f8ad9,108
954502fb12,314
95d3841a53,746
81c1149163,646
1ad819c49a,943
8a4671cb47,568
b172bd2032,398
44f2ea3584,228
ef753a06c7,614
653c7e9f6c,642
f43f1e7456,776
25bbbcd4a4,826
aa9eb3a110,359
1abe5e8a3d,746
d5a283c553,397
44edd661a0,481
dccd2d9d48,340
0cc1d0e4c4,348
fb5adc8df0,553
f5d1176e33,163
b12a5a2b61,475
fd998a993b,466
bb9af788f8,642
e060d5ca41,506
b3b37c152d,351
48db3b8c5f,712
c4adb6e891,252
b839f805f9,453
9494906f54,553
58de316918,901
ff24769ea3,419
956c91fe94,679
f87365827d,827
ace37eaaf9,814
cb0d3e8399,112
f70f3b7b95,202
62aad7556c,926
843e8ec44e,351
1b8d100712,528
f7b1bd7c8a,323
70e9442b06,951
d453812357,483
29a1b18e79,378
dbb4b51e4a,262
38673ade97,478
a49edf33ae,177
e0fb508d51,863
8db9dc4a62,650
28ad4e60c5,634
51179a1815,377
5f8b4540fd,199
de5a329823,631
5f48c8c123,452
8cb6f8581b,188
1a5c093750,716
9fdb6afc56,304
42a3baf571,277
08173ef66c,391
b9c2f9550a,664
a89d1999ec,260
1e4a233a70,666
28a1187a4e,595
58f752db3b,417
e5a8368ee6,785
8174aba668,584
494daad56b,774
75eaea4cdb,347
6abe55deaf,322
a0219e8fa4,579
3e3431be2f,607
3d0acb5c90,393
0c02f95a08,681
8ebceef687,321
7588e9645a,311
b1dc23a427,432
47729d4ee5,456
ebff5f719e,667
48a18f5386,638
83be4b6836,849
8b0d16466b,625
b09f0e743d,688
4541761ba4,614
d83a74a082,596
cc216a861c,162
28a9c6e5fe,940
71a5b1da57,339
6d55cabc8d,157
07e08eee37,333
b240778420,659
fc944f4e1f,570
fdb7d132be,634
fa70e3da06,849
1ee82dabee,514
2da8da57e1,387
4608c638bd,140
9086ac3a68,485
6b5b7c0ff3,739
7bf203a987,412
24522ec665,298
691fec8ce2,434
5e0d2e6c25,687
3577258d6b,304
ddcb1ad560,738
78b2d05419,613
9667824566,557
f0b5a05a6e,356
69013a70ab,473
088a402727,255
9fac28f3df,564
8e48de3b3b,458
c9ffc53f25,620
5d0a9c5b0e,482
9b31db4e58,779
44ccc2d846,913
f959f79b64,536
84723e7793,437
62df3565cd,488
ceb69201df,549
47bd268dcd,347
572cb220d2,635
ab767aef7f,659
2615b5210d,739
367c6fb412,83
d58653f803,701
c2973c16f1,869
212f074587,444
96523f824a,752
df5df272fb,73
4210e9e5d3,504
32599d97bb,501
f7c147ac61,568
9d98768f19,791
6ab003835b,659
d35af24206,782
53eb356632,781
a91bd88bc1,378
7d0b2f2046,489
b1f0e104f5,473
22a889c9fc,577
d1f7d2876b,561
b9afd7b728,658
d14db20055,743
eed279a71a,339
0f4637e4b7,218
63e32c0cfb,339
65dc362682,934
c038f6fbe4,735
74d7a9df8b,234
a803fc87d1,336
c9a2990f76,530
5cb2496125,99
440534c8dd,184
b345b1f290,355
4575e490e4,691
2fe0292eea,422
21e1d6e38d,547
f950879320,651
4be0764138,324
e6a78e36b5,441
b97918ac08,900
f78674d646,946
a8e5845bf9,663
255e6ef6a9,947
e6ab700d15,121
93a0cb5111,772
1c37e37fbf,337
941d0865da,164
f724f78b1a,706
7aebdeb9a7,281
d66bb0c151,536
1d955f8103,709
939879034e,620
ad6e3961d4,519
b1e590d1c9,774
568d119e66,365
23a17b87e7,564
a41357f553,781
2af240d261,425
44f5dd71ab,625
705eb5d67a,222
52914952d6,438
6153c227de,550
8270908d6a,475
843447abe4,576
cffbfab33b,755
14dcf18fb6,599
de51e77a38,424
665e84dc42,273
76ae1014bd,294
abe36055e8,342
49f22705ea,549
5f3b26ac68,775
bb8c452bb6,443
e9909298a9,708
bb697642ae,621
f4784e4f1f,172
8c9a0ea088,541
f641699848,552
93f8f9e663,471
89ad7a93d6,362
0a1742c740,282
651b2c01bc,496
3822f73c1c,551
5cf1f1e7f0,282
ec7522391d,718
4329ab8cf6,260
659193a103,629
0fd38464c3,364
fd4741392b,702
71d10659ad,554
520fdf987c,364
fe9e558605,535
1267729ffd,663
fa92bed2b1,810
70c8e14243,544
e0bde1cf11,184
074673a5f1,347
33f32ff406,288
a1e32a6815,549
41a4f7424e,371
a60daba969,725
c7408f1d38,548
7ab70da99b,127
465486e6ec,346
466548defe,322
236a5cc090,676
31ca053bec,355
ad29bc8923,681
4a5595076f,531
638e7a825e,552
384d50db49,656
0c62ed4494,647
4c4556fff0,695
42d64f2d78,631
dab1d67df7,674
f1395b9e13,356
81e9af5ee2,814
dfe111dace,780
cf241124b1,616
fa3e7cb3f5,430
5b8dc086ff,593
5fd2a3ef64,771
fa59461848,615
9d12bb050d,443
b51c130238,552
f9645c1acf,628
6c4568e51c,364
973a4f6dad,712
7d5c34a95a,492
4514d46495,699
1f7e3eef06,637
5be9925bca,642
23b7bf14c5,548
31b1314c62,330
346358e652,649
0280deb8ae,363
85fe62d2d6,454
3c1d07fc67,882
8adaa82868,539
f0ea2421f0,122
e51bea30d0,454
a6c2605919,520
d9a52dc263,609
2b30313d2c,461
50b3aef4c4,116
9a478d8cf2,290
019afb4b4e,685
930183efe5,489
1379940546,511
badc44bb99,746
cd5cd074f1,378
9bd58061d6,614
da689f1bca,480
77abc5ed21,884
4db68c7d25,792
e4d9d1178c,382
d353a74b66,466
5ec6db5c9d,912
18ac660fbb,407
f5ffe74512,600
1c6f7aac78,130
b8dea42e1a,659
26808abb2d,310
9e7d89d4c0,668
9c4c524983,423
1f8bf8c5d0,652
66fed16154,114
1a4ffa4415,263
56ced19ad6,192
2556c23489,655
28948eeb9c,306
7f30236ca4,424
d1665744c3,202
e3755d5769,228
3da64841d8,532
eec46ec66b,204
d71ca6d32c,351
a3ff13b1e1,557
db75c6831e,525
92e617896e,374
38232d1fe3,399
657f2c34f7,465
4a27de03fc,238
8d89d465fc,529
17c6355815,543
0ddcd3fd1a,112
a4442fef48,483
5468ed796d,414
5df9874c5b,615
351ea99ec3,415
226eeb7c67,707
60dccbc52f,158
6dea52e54d,352
96f26f6397,626
31d35c7c1d,494
9a91290888,919
f06ef6c8b7,320
e5a6b92463,444
d1c9be7e25,437
76761b2a41,548
b937f4558c,824
642c62a158,807
558b11d1b8,435
b9fcc34ef3,567
fd949b5ab7,503
711e8ac5ba,224
de7af15747,810
6aff151236,700
cd6ed7690d,281
9bf8f84094,506
cae4ec68c0,630
59dabe134f,542
a5ccb4f8d9,615
71d7482240,601
a31e485287,53
669cb42011,559
47048ac10a,630
7d963e0f5d,551
10ecfda568,465
dce4c70a99,615
06c2c49688,420
92895cb54f,500
a2a9c0c00a,796
e880e84886,661
39cd06da7d,531
1cc428e57e,559
b194549062,909
455d05742a,214
fa01eb7fdf,819
f429b8e6f8,266
52ac7bb4c1,400
7ebd3f0cdd,101
4d58e8d8ff,251
7c0b76979f,117
b60fbb288b,373
ba6970504c,535
d4d2ed6bd2,330
60698e8fd2,266
20658e781f,594
a4a2921863,722
5fd411e302,328
1b5a148cd3,820
0115703825,781
18590f686a,596
3e8b5729dc,462
0d3b5ec2a8,516
6a29fbd74b,544
185172060e,699
a898892737,620
c38e2a42e3,618
859f623d32,165
c8d70d9c3d,544
204c4657d5,616
778a92f420,476
9fd1beec08,781
ed6f9dfa22,659
e0da89ce88,250
2b2fc71ee1,251
99c726d528,551
8d73c4f678,928
cbe33c57c4,579
0ba541766e,701
aa1d903842,781
4b44c94892,771
4c89e94e36,629
13fb17bf13,449
b6e57d954e,227
73c6a1ede1,441
55f1ea73b3,626
7d14f8cfe3,469
5b435fad9d,503
8ab2399b4a,521
a71bdf1af7,388
6e3bb2a882,644
751a212e82,362
2f3eff4192,262
7f3e8a8526,843
a667ba911e,198
2fc6fb555f,733
5d6126f459,623
ad16edc8be,509
be7014887d,715
de15d35ebc,333
e6f86c83e2,584
03049b14ca,470
a9b7fa7e0d,595
ff038e87b1,428
306e6e7743,508
c20c019650,349
07fef26d18,614
f503aaf699,650
e0751c41fd,582
91dfba8133,610
21df07989f,740
4d9fa2d97f,544
16bee00afc,409
cbed0283ff,548
0558ee87d3,796
4520536c03,402
a8ebba8c1e,507
f121c06f1f,93
1b2c817dd0,819
abb1521de8,638
9258e48804,647
6d03f91961,242
3e84576386,349
5187e13789,649
41e173a1e5,560
f75842e215,453
312c4ce754,304
7b0c7e28f0,833
30ff4f38cf,452
ced8d25446,581
216e2a7492,429
1c687fea93,213
ca2e414e83,697
2a16af2ae7,697
7469baeb8d,512
ba67135a54,832
57302cf4b6,783
86abf1c96d,626
64bfdd0b9a,600
b93d143e4b,176
543f5887a2,491
e4be64c1fb,425
8ec207d7df,342
069035a9b5,514
c26ff00bfd,849
bb455284f1,550
bc5382bc71,470
4743e3bf8d,484
a33fe0952a,876
93d21b7636,317
98c6496076,432
a1fe3de7bb,355
3d0f8c81ce,288
efbfde4930,649
8e9f2b9b61,333
5f45291a7a,694
a5805697c1,340
0a31d7553c,273
b0a7056a04,512
ac6055e7ce,247
f841c6dee7,203
dfe230b677,483
dcca025cc6,324
73a3712fcd,570
0adb490de5,521
d49a9c4664,723
533a731c99,453
602dc99f10,744
7f0bdb5e31,451
efe3e72587,695
c23d957c59,483
46bbe12b2c,462
ceef85bdc0,520
fde2b51fb2,466
ccc41663c6,713
1e2bad4d81,752
c4f5a0fa36,858
a9a9fb1747,369
ee48914076,585
dd6a04d456,446
d8aebd0f86,822
eb84dfdf18,699
939232310f,911
a15b73d4bb,429
1169f5b1fb,383
f2f0278d02,737
380dea2a5a,369
97b058f254,296
155bcd4b4d,712
32062fff08,367
29df15c1ce,332
a00d2b180c,584
e172f09faa,427
1d798aa5d5,401
d61e5c8296,795
27d0d9af30,430
d204ea9f09,397
f1080b61e2,810
416101e57a,408
8f2087a1f5,772
f0ec542987,148
f234066134,680
e335542c17,505
d859ee2145,691
37df75f3a2,206
e2ba31c4a5,804
617c746fca,285
792929a4c8,251
6313ab72dc,369
6b95bc6c5f,198
8650153427,481
e12aab98e6,353
bd51537256,592
eec5e72dad,846
8620f40403,383
59944f0f92,522
9cf8fe7f96,608
0ae08cc1b2,532
a8be31a3c1,266
ca58996278,828
6bffabbd91,715
2f35ac4b87,689
da02c9184d,810
eaeb630ff4,149
f26e6cffd6,182
3187bf5c2d,595
7b078e7517,373
9a3abd0ba6,743
bd526ca9af,797
b10fa280bf,291
b8525600cf,749
5b2282b51e,577
f62410bce9,512
49a90688bf,263
d0cd29a61b,480
05139ad3e5,734
bcf322c1c0,788
d175b3b3cc,491
5bffe3b52f,804
f8f7ed86fc,239
65a55b69b7,875
1f73caa937,114
dd81358234,336
e11123ab8b,548
566ac48e00,137
d885813aa8,510
3ec30a713c,831
571b14e631,509
ea2d80c951,349
e02ae4f371,245
c092a99d23,481
10f3d01ddb,449
813d6ad4ba,383
d7f48d294e,629
eb4fa16734,795
ce15cc1d1a,660
fba32825cd,722
46386ca4a3,695
0304e9ac37,436
36a6901cae,577
b2b0cd95a4,622
33b50159a7,762
5fa536d1fd,470
9466e21e0d,640
bebf415bd1,232
b33d57c4be,785
285b9ba056,316
0db1b4c199,883
10f24c23af,323
62d30854d7,427
e1323691be,713
848c9d1a6a,590
d66e51d456,816
b355ed119c,304
b012e9ebb0,601
c60eaa0c75,402
f0dc7e30fc,428
18b26e968c,591
be1c8cbf1f,621
94c2d96e56,172
343b0359b5,845
b40457631c,813
a33e7de189,798
8693030eb3,618
cadb46b378,769
503aba826b,496
c202c25557,503
6d9b6a2c4b,800
f425a67987,554
3ee1cfb6a6,146
e82421363e,68
18ea3802ca,432
d7196745e5,230
1c0b2ceb2f,71
9358b1fa7a,439
aedad85e8c,392
b966734278,501
a7f4b8d36e,611
3c30b8e27b,565
4edadcf4c4,391
0d19f89dc9,475
6ebb6826bd,475
af0e101aae,659
77acb619e7,563
336e1995cd,805
217a70a0cb,377
a970e82aac,492
b0a18e86c7,221
4c7f2b2c18,516
f4ed280779,873
c06ce71f9a,128
128f3b0e36,621
abfed46705,695
7c7125fd12,373
3b4be071a8,343
e45c509f80,339
14c6a2d399,597
b83bc9dfa7,850
ad1e8ef844,586
87725b728a,444
e340e7bfca,783
6e1444d88d,564
c353af5098,757
1d4e60eafa,471
ec817961a2,661
6f78817a2d,485
33887a0ae7,723
3eabf280ed,800
9a9ff1beca,147
e1921d9a0d,83
1b61e02423,548
e93ddc6ba7,155
1a2918c9b4,372
c47c5ea1c3,709
3507f73405,498
308a9348e0,296
fbb8eba26d,743
aa1c0ba47b,477
bedb558d15,115
70ca8ebf7b,702
467469da7b,683
0a19821a16,360
d3be640ed4,359
0f6e788cdd,678
cbeab7807d,573
0cc5805a92,353
fb1b82dde6,599
09b7182dc5,678
c1c5602088,778
c9142b341c,273
d998a07370,655
5991bd3f1b,688
8d2e68312e,743
3406ef6042,491
5a6f57c150,210
d4d964f62d,217
4161f35a4f,522
b4e8386ff1,593
290e9d9748,784
41cfd4b320,461
6fe4017680,539
46673b0e2d,395
f2c640742a,579
c27409a765,766
2067c20654,397
c93d0ecd1d,844
8b11113861,380
0f5ada4dc3,700
d0e720b57b,73
d2f131dba8,848
130229ec15,530
e7f63a219f,629
e865014246,461
25e519b494,788
7633c6bb70,455
6da01cc490,773
92107f9559,399
bbfb2201ce,751
b9f3886670,763
2d64b6a8cf,438
a0f050600e,394
a43ca2ef73,661
47fd4036e7,354
c69962cd9d,193
15d079a8e8,459
7f0825a2f0,136
f44f67efae,567
04182ced8e,146
1eaf42beee,802
4e961dd0ed,811
5c33b65396,484
2380664922,390
72544ea5b6,360
74d1d03fc3,115
6d17d3be2d,516
1937cfedc5,517
f34ae8f3d4,576
a962f4c9b6,625
5b7c160d0d,400
9a4db0d7aa,802
f3356c9ee4,595
8a29fd2ebe,336
211eb21702,188
09f0f1f414,392
cb2698f715,934
0cc3c31d1a,235
e73ed6e7f2,887
db0bc63d60,639
4c36178b41,72
4989c6509e,735
ac03463615,548
66c61616cc,690
b9ebcbc115,460
8431a87cff,635
59092e355d,442
699608ddb7,338
3d339265c4,309
876e6423e6,882
40e8e14e60,723
d2e44953e6,478
9ccf50ab0e,110
bd7b74689d,271
f1cdcb9883,663
babbac4cf9,397
0ce8a6ae62,308
b5850af687,475
6f0c88962b,854
f807851f5a,251
91127f8cc2,780
d93d713c55,206
c9695bff51,171
254efd9043,585
0532916483,307
c5c4479af6,174
b9bf0422a6,112
bcd1e64c58,470
ea6f13458b,523
c3589905df,236
7791af3409,204
452b06b003,681
fbc9a1149e,513
760ca73d1f,497
871be86f43,552
c58124fdc4,390
19b7d2e2bf,782
8daf098aa9,594
ab6dfe07be,457
5800248c17,761
d19827b32b,518
a633b127fc,781
bc811e2c1f,763
34831dcd0c,553
f6c784904d,639
e0b778dacd,548
2e035505d6,436
697fee88c5,464
fb3392fee0,261
1b2daa0f13,683
b097a1f9e0,700
5575337f66,445
eac822921e,180
d3d19422ca,544
ac64f9de3c,758
a8aeef5395,291
dce6361f2a,415
432b8b6a71,642
9722dedee7,532
04c48c9743,394
6e409af2cb,230
0c19639aeb,677
3fd616ef00,472
8ce1df1a6a,679
ea5dd02892,755
92c25915f1,484
479cb24efb,343
f0efea3879,679
2903f6a1db,520
6f19d11809,737
2be45a7fa3,851
60584b31d8,227
f11f8eab00,603
98b1f3fb9c,562
25edb9edb3,422
70db04a203,776
89562d9f7d,355
39f101a807,676
0473e496e2,478
84bd944c62,242
ba836c5ae1,744
e51599adb5,192
b2f87059da,420
fbf5c91d9e,690
ce31ab9b97,206
fc6e9d0385,232
9c298b9575,373
cd6320c6eb,163
e0f030eb66,407
337b30caff,839
4b0c5aad63,831
a854446118,655
a52d7a6cd8,654
31b7874f49,397
a3605816c1,628
2424f4afc7,527
776bdf9043,644
c37e74bffc,705
62a8f89a19,547
bb6683a533,626
b35b1b412b,737
b77cc54800,696
bc7e49ee18,746
19fdb270d6,598
020376e68e,721
894d0e63f5,553
fff987cdb3,332
a05da102a2,503
94b4f44698,526
4bc87727b5,305
0d8ed16206,93
5b28c5ba50,610
f839d20b06,325
2bd87e0587,363
90946392e6,422
40ccdfe09d,227
1ad2135efa,527
05f09b380c,660
92cc29d923,287
3c7e2d60a7,817
f5c2e66754,790
a0c156a4c9,562
7f1d5f223c,596
ebe64e1d15,807
8e84b940e3,521
20ed65cbf8,134
91ea3f1227,366
ae61c09508,250
5f248cf0d6,397
9267f6cf9c,341
6698a570b8,397
a88dd59036,535
d433300064,842
7de95e0115,367
734df57cdf,291
999cb0ea3b,629
4c8132dc73,733
c42abd17f3,448
107f1047c1,707
884cd7af00,346
0b45bde756,92
ad0e66eabf,392
980570ed7e,498
7f99abfc11,761
a56e87840f,98
f2d2fefde3,692
628f1de539,435
59dfd4c7e5,694
5a6cd229a9,807
8ef76ed16e,741
56ac0f17be,531
04234be388,916
4f5df40ab2,514
ee3b4b8c91,586
a07c1fd090,343
84af757738,281
bfbea83faa,227
18e2325a5b,211
29b5ee6cf5,518
971c96134a,684
e927f91b12,698
22b0774178,469
7812fc8116,451
d514a30db3,751
961b1310e9,837
eb4efc4c39,531
38a15dee44,717
ffce5bbb9a,457
fa9ad1caeb,466
fe801cdc47,706
3391f0befc,723
563191e71a,575
72e05a5a33,486
1b0d74b359,172
967d30a3fd,574
021494f3aa,345
a5d2da8488,108
3228f203a3,590
a849a4e373,480
0ebe3ee1ad,700
56b5540fd7,695
0951f85203,737
8063c65b57,520
cff87534c4,571
d65973824b,736
e34c1220b1,946
9d354bc9e7,559
7d52a376a7,444
58a51c861e,645
a78e36d77b,525
29c033e8e4,431
cab2f6614c,635
71a31f4356,565
35499d9dd6,657
abd1e3e008,478
b637a7621a,179
17a6639049,602
1167a2bec9,152
af7e9d7648,555
b3f6affa39,309
f7380099f6,796
be6cf5cf86,587
d25a2d736a,517
bdb45f92c7,193
70cef9fcb6,770
2226df3ca1,745
5936740d48,121
1790f3520c,756
2ebe2eba03,423
d6b87a521f,212
c92c37ecd7,694
5326fad561,381
b014624db2,610
94b3a9ed9c,831
f64190c47e,670
438b4cc6e3,328
7dfdf6eeb8,951
bf72590547,481
90194208b9,287
6e3634da35,681
c156fd6d44,888
7268aedee7,638
31250cef62,656
063cf2a23a,335
8b01d00cb0,942
a70b2204f0,650
e2a70ffdf6,891
c256f6e713,634
e1cb177740,619
7716aa7b58,311
f8b721f632,699
90704ffe69,590
ed60e1c64a,471
3f2865df45,242
d84e52cb6e,107
fa9b3f2aa9,832
3687839ecc,767
66cfa202e5,508
9e426ec524,766
0f9b1dbc3f,330
b342a4959d,573
4ca8350f11,144
cd6140444f,267
25a9f40814,637
96d1d6138a,230
fc4c223773,445
a69586db4e,569
e9f4d6f927,419
608574722a,330
20a4dad0c1,595
2b160a1291,655
8ca104baef,297
b94a5b0bda,151
b690abdc09,419
1b5c4051d4,468
875dda3975,727
9db11d4414,683
2787bfe603,832
6f5c2712b1,668
668b41c03e,659
ea1a6e1b33,666
f78361aa48,606
13adf02399,674
444dcc147b,246
ee7ff3b2fe,494
40b45f1871,748
6940237693,777
77ecd76754,99
44efef9c4f,833
df47f2e681,505
e639615636,743
38ed2aa7cb,597
2a49169951,511
f507d4f122,459
b67c735ff6,653
fff2abcaf9,83
6a3d92ce59,364
9678fb935e,538
dc710565e6,932
c66a8f70e4,236
84e540208f,537
7ba58ee1be,378
83558aa4b8,527
9a4b15919d,259
ceca04aa2a,445
6a1fe1a81e,836
7ec64d2b8e,339
bfac8e63cb,788
47398efeb4,463
7a696bb878,391
bc79fe1a3a,380
e5df7166bc,533
5c8ce5869b,454
e9d39cddd7,476
02d40993ab,610
114397189f,556
5c65a9775b,775
77608c7770,512
022b1b01be,64
de39c2b892,463
24d67576d0,557
19902af6bd,578
376e55e566,657
6cf284fb9e,600
a783bd82c5,698
7972b70832,767
a5c4007b7b,326
50251a9572,837
1d7a812c76,618
2eae73b03a,726
ef6229f0db,810
68d9f77646,646
f76c6bc5d0,601
5489a9e706,809
4d7b42314d,394
ea54256d21,566
397f00cf61,524
17dde2138e,649
95af8ca744,524
6252a820da,479
1770691c51,813
dc4a1c9a30,275
624bd59549,474
ba2a5fbf4c,602
b6bbd06618,536
7488e076ca,302
1414606ab4,542
65eca0ad70,470
90a57bacf0,488
fc13dabcbb,585
ec10996820,363
ddcb457a07,681
d6471dc0a3,353
340c808130,660
7e92ab6fe8,524
ed24549a3f,453
8f5af7f42a,454
008a50a2ec,524
c4911615e1,98
63bed65d65,485
e39ded223d,353
619edf8941,625
2bca4fe522,709
623565cb2c,868
0faaf196b4,450
9522339a9a,337
486ae46ba0,632
3a3e1e824d,731
481ed855f2,551
c82dabf9b1,756
17113fd0bd,689
5e58ed4adb,344
1621c14879,585
8457263314,671
b8a9602e21,527
23e5717c0f,481
4015200239,376
4d03329aa4,108
57293a65d5,554
97a10a3ba0,388
67dfa4bcf5,340
820c4570b1,568
e8d6412ed8,383
0bed5f2ace,460
2da763222e,655
8ae916bb5c,404
e96a030ded,817
6272ae54bc,386
e1009fa370,451
08f3346b8a,307
eec3f628d6,860
ed7251fc01,125
1ac4fd8022,835
8e280f2c87,515
4f6328bf93,637
8f08f4e9f2,399
4b9862566c,271
f0228a88de,701
131ca4b83d,603
58789490d6,109
9128b824e5,155
97bd8b22b1,682
87afd4b1ca,668
90990cd2ba,492
d80ead8703,387
b852505678,256
7c0447f939,318
a239bfe21a,861
4b15912a41,649
8555cb627a,473
1f33387a8e,778
9d23bc70b8,724
228f9cee2e,237
7f9f13c0d0,500
6306dd3a8e,805
05d9351a35,304
5a81181e41,512
7576a8a091,454
7277ef5fef,556
befdfcbe5b,655
a6a3383416,537
fa50e86a72,511
c920246511,725
d18a64f984,76
211dca3b80,545
ec212b3d2d,342
5fabfdc0b6,565
09541ce79b,593
09ee5831f4,235
25f532d7cc,472
c313a1ad7d,754
d4e9588d7c,377
ea2fe8434f,426
44047c3e10,735
6636021b35,310
93a8901635,431
f19b7d20bb,451
d916ac7864,243
97e78a5448,694
c6612326fa,308
2775c5f447,768
6a6ebb2255,649
eff595dbcc,688
b4e23ae450,441
6419fd454b,378
3c3e74faf6,727
56a4e5c1e5,274
903206854b,471
869f99406d,632
084d3ed9c8,317
90bf0125af,582
387b6956c4,355
7a6d32bcae,300
6c8ad32f36,551
51acfd1399,596
3f9df26c0c,886
26281da345,527
9895f188e8,457
680ce5b666,281
935cba59ad,699
b5a47c646f,680
ff8bf1417c,90
9a71e8563b,184
9f459445b6,359
0b73b427d1,475
bd4f797d33,313
164873b51f,162
fff6522bd1,431
bfcd0fb5ac,276
2f8e4f82fd,330
f6576d4cbe,479
af6fe9a9c8,540
b70f0ab0c2,514
9347c39706,924
30cc3d3982,799
a163126d96,617
9ba564058f,440
fe85864f8f,159
c673bebe29,556
56974f6864,462
c59e5f46c0,242
c307912941,306
fdd73141d6,539
7ec58d0743,634
6baf05d61e,675
99d7f0c538,500
64f41e36f2,697
1ca865b041,791
cbbf379ef8,464
056bfa0cc8,389
30cb1002fb,527
27f923aac9,717
65e2650a80,528
16a9609841,618
0923f7bef9,954
b6bd6424eb,368
e6e3e58c43,448
b0a2fe2a63,561
2993a272be,442
83645a3b6f,452
7769e240f0,211
5d7424eab2,282
4e89a919ed,500
3b5e9c6e05,441
c7c3a8a806,532
bcbe3c0ee2,419
2d3c0a68f9,623
91c003779c,314
8cbefc189e,383
ca393f0eaf,561
81ab8c6bb7,639
55111519ec,823
18f3626b0f,430
6cafc8475b,828
223e0c3942,598
cadfbf8011,546
7140b36ff6,396
57f8b13094,578
5b3b86341f,213
9fff0319cd,490
d531fa41aa,315
8f07ef8585,463
3a690dbd1b,354
2fa4260cde,788
78c50b3977,812
7aa7e1b355,498
891fa63295,769
7d41b0a6e1,427
ab7d09443f,514
aede306d15,574
a3079aded1,489
3598c246d7,477
88839f49f9,618
c56524ded9,316
9718102ef6,209
1b71d67404,424
b28aeb78e0,416
52e7de7430,367
e1bd09e50b,427
1d2382ac3f,254
ad76d4cd21,282
a27e64c2f7,514
911efbb175,231
8686b3a5d4,715
4e41f7a5df,329
0c376f6728,366
b07fc3b87c,356
ebcd41b5f1,502
eeecc7ab39,499
e2dd6ebd6b,247
f2e9faa785,512
b095375d19,179
5b217529e7,446
774ee8afcf,484
958a3dd464,426
0b7b00ebfd,327
26ae98fddb,264
5a6fa22207,382
c8adc706f5,516
740d34befe,602
98f91cd1b8,157
e337021e6a,701
24bf79cd1e,453
dd580d1681,765
e199174d64,633
56d025f76c,827
500d909b87,702
feadf0e85d,462
2356ec6570,334
ea1332b03d,302
c1f92fd149,220
8dc946b34d,449
72ef4718f3,151
b833fdb882,314
94551e800f,787
45a7562dbf,175
060f14fcee,480
b6804bfa43,772
9382a047a8,474
9fabca6b17,205
5970137a1e,540
d553c91194,445
8b0d0b0633,720
ae6ea6e613,213
8c38199b15,680
48d34846d7,516
3b2f902ec6,858
c2395da60e,188
66c603a013,606
c50ba562ef,315
6ecba60505,752
f7ff576dc4,542
a12d2c10a9,289
8164beeaf5,386
a701844e9a,480
5c616dea00,263
5378360450,466
65e01bd65f,464
d8bed49320,260
465463b009,771
9260b4f758,227
87c6bf0012,685
aa1cd9fb71,319
70a32506ab,118
230b98e713,766
33ba7dd9a1,237
9bc9c403e0,656
6ef46555e2,385
44381a3f55,73
fad11bf2fa,371
7b2032d7d1,106
f122ead5f2,513
ef58213c9b,700
ed66549524,574
69098163e1,432
c4ee594685,296
7a095f0b21,315
e88b8de75c,219
ba1ae7a6c7,258
b1ac5ed0b3,99
ff238df1c4,700
a1dae195e7,435
f566a7cbc6,301
d2b40a2781,587
71f724c7ef,584
a92f49d2d9,273
578aefa47e,835
921b60e76d,215
b521c9ddf3,609
7d8e29261b,433
5717740aa6,458
8612ca9286,488
60a0ca8d0e,581
0a41de5e3b,449
4ff5c5ef47,576
3862950849,481
fe0ff502fb,942
75d0e44b1c,499
2b405e7016,693
5ad7172ca7,351
178bd2185d,643
33820f50d8,401
182bfc6862,363
060cdfded5,165
180d2ec2cc,578
9dc604318f,702
c1431cfade,480
a0729c7a02,490
e358121d19,371
ba4781de48,196
c26d515fdb,174
a7fa6dd049,282
30307d5103,444
25f2e30c66,232
505483d249,573
82a285227e,689
4a11c0f4ad,530
c98504a8ab,484
af296d1c0a,678
812c804456,413
d6987190ea,520
d2e14828d5,72
b39fe87a25,789
bf76c8aff3,733
824152cf1c,292
4b17d5fb8f,667
20349d0a12,367
740070f15a,402
c80f09bee6,546
baac3469ae,491
7b815ae7fb,569
d944700bae,348
9090f8f97b,253
fbfa863bd4,374
9b5bed5c6f,113
930cbb8ccb,529
7f0e67d5ec,161
22398d77b8,560
ebe8198105,638
4fdc882e4b,955
857e511397,714
a685e6f87e,565
d3c9529867,773
6e691f1825,177
808cbefd71,112
e366f9d62b,290
eb91416afe,397
0061281eea,549
bebae78c6a,887
f409d55fee,780
877d1a7ebe,746
c0fe58323e,204
399694c381,441
b4e61836df,603
8a55cca47a,645
0fcbd0567b,789
eead2fc101,432
9694a662dc,758
be4db8ff8a,807
25c415e373,121
b15313d4e8,844
31b003483c,612
40a7f422e2,623
ebdef67fa5,663
9ecc1f5457,517
1bebafb9f3,300
3a5e5f4202,198
7135ca553a,128
269b6cad0d,160
24a38972a3,106
90b1a59d1b,710
5f8370ed60,570
c33e3a20a4,668
919157e393,652
641ef8ba11,624
4864559ba5,110
6cf6889e33,784
5cefe5b52c,176
c8bd99cbb0,448
07cbc65347,495
33dfce3a76,780
a7254b3aa6,820
7e5cdca0b7,502
4630209118,702
881407fa84,474
a5005ea567,315
280dcd0b2d,137
9e8e175c01,217
ff9d2e9ba7,321
9ca520f895,784
2f4fb95bb7,331
b7dc0d87fd,258
0e16439e05,541
29162a3471,683
f454efbd20,655
7e68df3981,792
9f0c9f3b90,645
23c72b10cb,704
1804b11f9a,532
53b480e29f,172
f599fad413,372
8824cdcbf0,394
d465b396f2,509
b7c462dd1c,707
a6625b8937,944
ca82310ee1,500
f463f6b15b,697
c5493cc7b0,654
f8ca1f5c5a,598
27f6632fd1,278
f362d474b7,533
753371cca5,608
103713e20d,718
186d861771,578
fadd701a33,144
631dacfc0f,566
7f5914b74a,850
20b11dcfb8,611
9eaf536a63,828
58edb9b58c,515
e3e92cc747,529
7db7a5fb8f,455
03c9b5ffe8,819
ec5afeae66,588
1c78d88cb8,304
87cf2c6542,670
1a0996a817,487
bf294b9661,533
9b09626522,722
829ebfbb32,817
3b9586e2ff,361
24cb80b5da,467
7fa6578978,670
6a1fd3c67e,640
ed761ad8ef,806
2a26fb616b,693
6da04e4c20,705
f5e72111d0,133
c61e0f2507,764
8978bc57b7,390
0e53e6294a,537
2eca5f70b1,406
b981d35c43,598
8fd4178b11,753
5f1df5e4a8,385
85bca2aade,436
38438eab6c,428
d8f80479ac,169
8e7324c8ed,383
dc7c506beb,927
89340d64ab,312
c70619fb09,927
8945b8916d,414
93b51f6335,566
725a0ae373,264
86365721e2,480
27c4850501,721
ce3e6bba2e,793
66cd32da94,630
3c10a71f62,328
28e3c1128c,678
54a3636ba6,704
8d70a676cd,838
c1ed7e8344,803
b9fb7882a0,248
4ed2467e7c,684
0b9cb1205a,437
25fb3a895a,468
10a1a5b78f,526
edd5fc6648,287
263bd9dfd6,370
35f3cb48d6,415
5691530ff4,615
d56050d3ab,326
91823ecb1f,758
b6520147bb,588
d274664a41,795
d69c382be5,676
2ecb2b0797,390
834861f1b6,461
ef060b82b1,823
c82f7676ac,414
c356f76804,638
489a8fd021,510
70d9a282d1,733
9ca1ebe351,376
387aa87ae2,541
878566ab56,129
b40844d201,259
ec857f4518,430
fe37eddf8e,203
78be8270bb,284
dc0119712d,458
3358462c1b,542
1435d5602c,712
0ea5ea6946,142
e843caea8f,260
858f01d368,698
b0e479668d,617
5dfa4cfa2d,590
020678ec1b,174
d059fcb2fd,481
7f2694ca3f,425
2f746f8726,297
eeca9d6a63,477
c1503fb0ec,480
016fc8031c,422
8e93b66386,185
10aa115164,657
9f7e064e9f,805
f42a7e65f2,589
04cd9599a3,480
0461a2fb30,562
3734601c15,461
1463aee5b3,482
c29c36a1e8,432
40bb5a9cbe,432
d68c08baec,241
45a2a01008,801
5f98029612,193
6c25735f24,111
30e4d22141,711
19cc342b91,344
18c4cdefec,492
5d600057f5,310
d9044ee3c6,843
565d2342f2,214
7b5d5d40fe,362
3c1097c378,286
63532a858b,490
b4b225aaa8,502
1b6919f87c,655
ccdd1c542f,488
6150f39f8d,242
766784f810,403
1c41821d13,499
dfa4d727b8,710
4d341171a4,348
3975043a11,730
fa9da6a455,94
ba705c8398,690
aa21ba676c,542
488f5f133e,397
66eeb09788,266
6f79e6d54b,58
4ce60abe5f,807
bdb9ba462f,382
aae8971d6e,231
7114209cf0,593
3c2ea1a63f,847
0f7aa746d6,314
8c8c2012e7,479
04f7a73f2b,548
fdc1ac926a,795
5ffd928d1e,389
a826e5e6e5,781
b9fd9429e3,516
dea0a56bab,490
8c99d8c85f,551
182ea1798b,268
51be9fc3d5,81
fbcd92f03f,417
7e138bf911,593
20c99dee06,675
9f96821d81,600
9a4864ff06,551
9daa6c133f,942
1313dbf1d7,654
10e835f9ab,614
cc876896b5,157
8e3228d793,658
53c79255ba,622
a7bc02b7d4,487
bc3156b1e4,67
68b6abcefc,416
c9f7f4020f,378
9e966d733c,201
569f85c4ce,308
1037da2ff7,539
7c9c01ebe8,796
a2b7af2907,214
3525fcea1e,467
38c0d9ca8e,394
4ad2ddacfc,615
085e7a048e,270
ae6b6df24d,718
6457057cec,675
6c793e5879,174
91bfe61493,475
a33ef5ed68,646
b33e244157,142
90b14e3f04,391
287b0f197f,294
6dfaae4996,424
e7e9165d9b,225
c576ef893a,298
457f80b1c5,933
176ad39bc7,224
8b0478ed02,750
380ff30e30,892
d9457c3b1c,567
8d9b8d724a,216
46b424e067,555
d0aeb260e8,832
fb9b58527c,716
8d9314a9f4,846
6af48dfcdd,322
6e86fed535,530
06d21d76c4,82
75b4a808b3,326
a5eedd418a,178
e082398595,652
a15eff2958,782
7de09d894b,297
a54d582262,670
aa56279e8f,265
06d3201dd0,510
42c563d895,505
df3a1c2d7b,528
2fa889172a,626
359128303c,436
4a39459597,373
1a1b0c1549,464
d2b77b255b,589
67bc6ac1f4,769
e0dade9896,277
ad6fe18943,534
26527458de,587
aff87f7ba7,478
4654389112,164
bbf8c7968a,398
528cb6678c,329
fea1ff8505,608
c4a681819d,714
9ff59d834b,565
6738d474a3,84
b33b1f9db6,441
66b4280f4e,572
51870e8500,159
7074e402ca,384
1a8c4fd6ea,707
68d00224e0,521
7beceb5850,625
681ee85a7b,439
7738fbabca,785
33041df256,835
0ec68b2e42,635
857f570585,259
70c7bb7616,856
c79d52ffc3,259
5ecf1f5cb4,273
70e5bd9d27,709
8ee20f502e,76
fd5c3c20d6,659
e69330b40a,368
deec7bb4d9,263
fc87224914,245
e37b8208fa,509
a56ff4758a,665
e929ca0e34,776
b052410a6a,673
f57e741b5b,618
dfd3138198,373
6d593a19d1,436
94c94ee7b6,650
d7215eb198,793
a48b9989ac,176
809ce44053,242
885c2a90f5,533
17be1887b9,383
b63b23fdc9,194
154948ae6d,241
64baad8029,791
d3c3988e54,315
ade746d346,681
c5a9c13a77,638
3fc4d6b6ed,671
b33771a471,693
7c61d788af,569
180f0a1854,320
e63196d890,511
bfbb9b9149,802
1821c518da,674
8c4ac14f53,524
be1f425eac,397
7e78a47cee,378
b5448cb40a,676
1c3397d0ef,389
d61250af0c,857
296a04bc06,423
12c92c9f70,620
190ea39ec4,783
d390b1cbef,655
ed2b73840d,359
9737133eff,104
f0e7e06354,215
0389fc6012,391
f083e6692d,419
4433b159db,218
27efc3195e,422
5559e0ceab,584
df32c11fe8,766
4079c73376,237
136af05158,424
258a5db63e,139
b11110b854,55
f6a89b6f89,590
d12d5894b8,716
86c675c4fb,678
27e12cbcea,735
c45c9617bf,764
0aea45ba8f,484
e1280ddc3c,588
e1c6994595,954
02adf272e9,497
407bd44d31,712
365bdf0ae1,790
17a8b7e7f3,545
769d51b80b,96
cc15d94784,76
dc05ed2596,479
2b55bdbda1,361
bf00a0ab71,582
8b4189c2a4,222
a89fc2586a,429
c70153909b,867
c02071548b,252
7df36788a9,138
8c1db0fc39,819
8409fed45c,899
9c08332067,652
809cb34e8d,615
65ef110246,891
30e5cfec08,624
a07f9159e0,566
82f186d2ac,132
548887f17d,525
89ba98210c,197
3ce41108fe,360
e80ac14b0f,247
2a9190ed84,393
12a953a079,121
fdabdc4399,810
28df927e87,340
0f20f0242c,416
28f6f52c8f,317
a8bfe7072c,811
1fba03699e,183
b911d46acb,237
d0244d6c38,51
2d4e7a937b,778
571e63d0bc,785
bf05a52a6b,392
5aee63c515,611
981f73e811,429
851a37ac37,406
418a13df5c,539
4e7d4502bc,399
ffb2ad3f94,715
9704b1ba61,720
84eb2c400b,294
4d684d99cc,324
775bc235d0,526
c66a9ea31d,555
6460ce2df7,746
4618b50b42,685
cd292b7c8d,766
2da9564e53,757
66891ec970,817
c824b8afaa,408
565f9c3fce,687
5701bbfe46,303
c39f317ad0,443
9bf022776e,732
7cbfebdf9d,432
17bb0d4b3e,816
b6c52b4a53,685
fee35c9fa9,496
9917602913,494
213e0a9f7b,272
ede9c03a6f,796
51ede1c702,400
0977568b54,195
e683e8ae69,652
28d42de29f,512
143eefe05a,285
4fbda008c7,332
6c6c1cbae9,241
3d781526c2,596
71507ccc96,387
eb5e2a6b3a,589
3fc79d2ece,253
1d9f4e875a,740
a59385755d,756
3d4bc58424,674
be9ce6a9d7,294
7a817b12b4,389
c7ab9848b9,338
c023a62b96,819
61df7e1f4d,457
4a8d55bdf5,720
363a171d90,542
61321814ce,616
02206b234e,828
54629440c9,495
d17eee846e,605
590f7ae6e7,227
85e6b4cb1c,374
81fa3d59b8,857
08993551ae,719
27b5526adb,702
69cddf572c,503
e5c26c8634,230
740e4ce45d,318
bb2160921c,191
ddd3099877,557
61cfb43abf,412
1c9fa3dff4,691
da84ed2423,135
45f292bb41,491
573f9f58c4,120
285f4b2e82,824
d606f4a578,268
f4638e7428,257
edfe5ae3ef,232
77415e7cda,141
e6ac2a35cd,506
087192e2ec,797
aff8ae9d4d,110
1ebc029ba0,618
ebf89446f2,392
ac6289352d,96
ff9b7d0d2e,332
f7dc2b2c9a,834
19d821e8e4,177
cb2c20898a,798
fcdf2756aa,691
1c20fc4477,239
1b073494ab,624
a3bea8f266,507
6a105e7555,303
3dae882971,706
f5a92d1356,346
2ffe02e882,555
0762a99eb4,561
e37a3da5b2,480
a98d950667,563
d468d401ab,408
ef03d3e2fa,273
efc705478f,498
7ce6463bc8,432
4e47ff086f,458
e2063ce131,558
27c45fef01,683
a291ef5d83,728
36b768bfa7,340
bec8f132d0,881
bf71bff284,711
a141ed0c99,447
37c95ff7df,673
86a772adb1,388
a7000441e9,881
fb1e8578cf,580
7361f4e5bc,448
6b0688f33f,444
df8d9625c0,342
4f62a5bb14,500
7a0f1e9b45,687
c72c5ee731,220
d369e6b550,434
6397715bb4,439
9f54d7807c,578
a038a2d781,389
aabb4516d1,561
8d3ee9356b,528
dccf379405,643
225ae42209,421
3782748f51,753
77420e5628,276
8bf499cb0c,605
761eaf3fa4,495
f3fd020f27,703
aa97ecda8e,384
ab5fe4fea8,846
87af5ec058,907
fb14beb69f,475
32afbf53f6,800
852873eb7b,156
bb1e7f303f,715
628ab35fe8,567
1befe1ba44,420
84b5568c2a,557
ebd623bfc6,102
26a76b910c,443
0c089f7c1b,410
f9629f4e29,386
52ae147d60,245
dc4bf302e8,273
8d4ba8fd28,540
003c477d7c,673
7019c22c5e,737
e89272a29b,488
881bfee759,821
b8c3ca0fab,81
01c033e116,494
fbf73cb975,440
902d01b7dd,117
cdf9422054,796
f1e4acdd7b,304
7a25e51377,729
d70a2f1f23,270
e278cee272,765
3794cd4d73,456
d8b1bbbfdf,531
edc9fb3512,273
a35792b156,276
24c102ca1f,292
675fcfe29a,656
eac3fb300e,248
18fc51d517,669
cb2acfd639,749
74d53a0d53,369
16cebad726,476
e3e1afe993,500
5f43816c42,649
cfdc385955,348
32f1039c61,845
14da113475,618
14c16f99d5,415
abed119094,578
5fe599e1a5,95
1ac058f0a4,525
b8236d92ff,236
7053b28de2,92
90c62cd13b,648
43ec939286,283
16017c8e02,90
8d28e714e3,336
1268fbf8c2,495
ad49962b22,215
0401ae15d3,457
ec649a86b2,484
5203d6e046,379
df811b26b6,455
217eeca27e,493
56d6d999b8,597
e39f959114,732
c89eda8701,838
8138c79081,676
5990041346,493
5e85356a28,809
9067effd34,870
e41a05735d,611
6a7506aa1e,378
51d1696054,687
1bd1c8c771,441
a245c6d001,849
5f51a19f9e,759
a531b78648,775
7fd5baaee8,690
69bb149e2d,222
7572c78534,418
4ebed82264,302
8c9b19f267,107
abd889c82f,563
44c8aed146,430
bf73cacab5,427
96216dae3b,166
77c071c12d,849
59597a8431,568
4fd99d2b52,402
14a89a1840,343
2874150952,886
4d4adc5623,690
ec542d0719,83
1931feb9b8,444
1925c11fce,149
87986259f0,122
e54c815e85,199
fa2ebd1083,289
7187f4c02c,207
ee5c6d6639,872
942d3bfbf3,736
23bbdfd154,509
0ad38c8f25,623
930dcd571a,487
ff89e5e3cd,340
7f2642a14a,770
01323211a0,577
f5c25276d2,503
c137712b61,514
6074c5b0bf,445
55e9012561,746
5c51c23a7b,276
9d7165c9c0,661
35b34a9da1,785
6285015437,164
91bb8b5dbb,608
3662fffe30,829
6ee755c67d,341
b5893fc541,578
62715133c5,509
5e98f349f3,317
5e09ef27a6,543
85670a7093,779
f30c36bf6b,324
67a8e23baa,434
fb903c3b68,646
b85046c5c1,89
994af8ec2a,830
ff532274cd,380
a8d50a4a97,547
3685aa0e78,418
a14d2ea3b1,155
a2bce9d94a,346
6ac91c75fc,483
69ee613976,515
d67dd7da95,793
fa56377e58,350
519cc2a871,195
dc534f1e28,63
a9ab1afe01,256
45f31c81d4,659
5fd8ed2395,482
fccf774196,809
59b1bac5d5,550
55a49950a0,547
4eccb0cb9d,110
09e29fbb74,288
ad93d35798,294
fb17f161d1,245
f2f67e14a6,116
126f253739,725
31aaa04c63,872
0a18b314fc,230
1c6237ae58,419
d21e3d7843,442
492383a53b,692
739a9ab34a,435
1fec8e839a,829
01b5362cce,477
7547289453,382
aba57f0f2c,793
20a0f53112,139
25e4b6fd77,309
ea1270a8b2,396
276807c93b,291
d3034e7a60,300
2388b3eb40,685
bbb762835a,396
77c695369e,457
93b8ec180f,559
7145f7e956,647
d71e91efc0,453
2f00b33427,260
9cb42834b3,359
eb3a40225e,738
92d116836e,193
cc70a60681,505
b1be1fa682,95
b92b11b3a4,213
6994342067,503
aa791ce59a,648
6138f82415,467
b890b261a0,728
de091953f9,694
1a67b08604,200
fcce81906d,659
762c7d7084,685
b202b6b3d4,511
5f1aa014c5,222
418b7878a8,453
08c2070b20,504
423ae1a09c,199
8718d851c6,416
174b478747,606
253eb71c3d,654
b06fe13f54,749
ed46821aa5,656
5306b708be,558
b7c1e2a377,524
a98ab1c549,610
2a5805ad13,145
821e0217f0,673
ebdbbb52b5,405
7709ec3c5d,408
57904adf94,583
cced2adf43,459
b7ec14f5e4,546
30badffdd5,685
6ed0ef14db,763
849f39dcbe,874
9ca11c3696,696
a58d3b12bc,221
31683f8a18,747
88a5c49514,948
05a61e5799,167
93c7358e41,378
2e7921981a,438
ef13247eed,718
10833853b3,184
48bb098115,649
1f1cc6b3a4,745
c82ae5f941,706
5a7a933a05,268
974f5b6876,678
4ee4b3485e,502
498d327724,244
5155ad847f,729
5e350fa662,441
0dcf4a11a6,194
b9bb1b7b3f,723
e8b730fe92,343
08bafa2eee,465
1664b6a6d5,214
30bb4cd749,544
9126bbe228,609
ec61b48efb,771
2f8b36c386,209
0841984941,718
d145884178,552
8a2dc90df5,198
325cde4fa9,834
9f4001d8ea,324
a826a7a9a4,306
4bb8260218,94
444c32935c,807
9c4468a160,739
5ec4b8eff9,705
eb38db5443,442
1b9865501f,180
6010b9b84d,142
31a4341eb6,754
6c0a545d06,538
6576184a08,370
518ee8cf52,545
6682af0131,826
ec9ba7900d,584
13f3daf89f,776
a3ad1422f5,387
36f332bd11,530
a4fb7072d6,637
68bad6a787,128
c32752c00f,378
c0b6fafc47,732
4285c2ffe8,158
608567ed23,325
41e2137184,223
1a7f8bd454,662
bbb5279a06,782
25db231ea0,581
b28690f7ad,746
3bf70b71cd,537
7f0ee9c30a,791
2821f70a5a,320
e7f0e30585,580
690281a93d,583
99ee31b5bc,241
884400b2e8,561
9b585a2ea0,743
a7a87180a3,502
54cb8bdbe2,277
cb7cd324a5,476
3df62de11d,552
71f7425387,944
e0c136dc8e,366
ebc46e6691,760
6eeeda7f4a,477
db819c45e5,628
ac460261f4,836
fa752c35ca,300
109bccf6c6,490
9bf8a38b92,632
9c3383eb85,789
f2d668f7e7,262
cbd42ee63f,101
f2fcceee25,731
0ab5e14937,830
4d2ede6b7a,665
853e89d0d3,629
54e2419450,725
341f6694f1,620
11518835a4,644
5423d6049c,721
e7c55756c7,769
33159fbb9b,620
9f97b2925e,669
d1857e0577,500
cb68c2431a,713
a66c03c236,456
cbad345488,446
fd257af5d2,424
8ad8b9b163,104
c74ef130f0,621
7616ee06bd,389
b2fbaf80d5,115
9befc65890,731
d06f237a79,601
cfb8e5c36e,631
c23090da64,376
8f16b2685d,519
90720e8172,742
e3349e2125,465
d90473fc86,487
23cdfc53fe,541
098c5f3e75,457
82c316179b,461
f6009f764c,811
e51e614146,734
390355fd73,417
2bc179b78c,318
fd423b9cbf,444
66ced55b7d,455
664e3eb07f,652
76ba896225,556
d0d908374e,717
53485dc0d9,721
2b77f82b42,469
60b3d0d613,203
17c5d2464c,528
0be923c49b,354
7c2609c66c,88
3b5c0e9308,376
964be849b0,446
937ea43a65,343
916aff36ae,946
38178b0ded,499
a5375b180b,671
7568a9474e,210
c1c6a1ebad,89
6348c487a4,303
886dc2e534,357
e799fcac15,783
157b2aa3e0,317
ed20d93bfd,769
415eb5b72c,558
4d9b845652,309
c1190c9c37,345
e10a1a3e81,126
46bec86213,455
b2d02516e1,816
e2d3957c95,579
894b5b40af,320
56f4bcc716,662
3ce657b8f7,207
d62ad254c6,493
89165071a4,807
2010b17cf6,565
f20521b7f5,521
c8ce151a18,845
000e218f21,841
4986fb6755,192
c100d07aa9,262
d9d7716b7a,657
fc8f0668fb,384
0fc5ad7e3b,959
f5b2861c9b,672
39a5b5f33a,464
00950d1627,922
a042e73fee,367
a3de137406,529
f625984494,308
5677f991b7,317
c00c4b8814,470
81d37cb5fd,321
65fe1a0efc,312
2886e27fb6,588
fdff017e77,382
1401f04c4b,743
455c8febce,509
76d080ed6f,494
ec88937127,713
6d8a8e2e6d,554
4b019a8354,617
f1b1f57aee,421
5bf5d82829,396
0ce329b5f9,398
cabe5c94b2,304
d7f7a9f48a,511
0f9977b1dd,106
362cec7849,689
106e4043ba,760
3004f41177,313
9458b40464,223
43001d32e7,401
a8ef242dfd,568
a5299290bb,620
923473085f,707
a21ae8cb6b,798
595deae139,655
ca0d3ea2f5,637
8a1aed2c83,396
a10b932fb3,385
acb95dd7c9,122
b51eed936a,746
67db09fda5,426
1f3299c2ba,601
5081bad441,554
8f1d6045fb,772
f9fc7746fb,150
d73e3ccdec,489
3d99801810,548
7205efa791,720
febd1d2a67,211
d2522cfc93,386
cf1ffe14e0,692
a659530342,609
b6604d4bd6,506
c9ff0d072b,286
288c4c1941,371
76b4df03dd,564
63d3cf63be,458
0fb7b2772a,942
403cb8f4b3,661
790f497dc8,845
4ad8a63538,82
f2259e86f4,381
770af4e501,879
4b72e35b8b,235
58d177c0d0,349
a50ac7d1e2,513
963189b39c,722
728917ca07,592
2425501bf4,788
1cb4733828,522
b964244dfd,335
badb3ea766,773
92a20ccbe2,351
e360f895de,594
5c297b5dcd,633
d7e6e1323a,730
501c68e571,314
1019e6ed47,300
4ef0559016,700
768d5f7ade,209
fbf64b5ea0,809
cb6c6c15ce,346
3531c9193f,405
939c88a964,658
4e51caa68e,398
e5b47aa145,577
abe74273c8,512
7b4ccb8113,794
d7506a6a38,757
6092afaec7,353
6edb010212,316
3371d166f0,271
114daa1bed,541
029c321179,675
581e7f38d7,682
8343ad9ed8,563
3a068284ed,431
cc97e87765,671
6040cbf086,367
a1e3e1af04,486
9874f75819,507
a32b0d0cd7,510
5fa87fc4cd,397
0b9981aba1,59
495e5d8dc0,553
6e72c79c29,414
f21593cfa8,596
65408225fc,688
9b9c107a62,661
9eb4a10b98,581
eeef52be31,785
4ed12ec89a,526
0b7459a0af,127
5c28eec331,351
4f30a97219,120
a7a124fff5,825
28ca5ff16f,278
def16cd3d7,557
65cb9cbc05,619
bfa7ee102e,844
6caec01e67,379
5edca1bb89,368
3dc8ca137c,450
03be56aa9a,697
675cab373f,645
ae51614513,624
b393a57640,383
0f613bd191,241
f3fb95295e,541
c33df3d7ad,648
edea91429d,649
93a1541218,294
a12cbb17e5,247
89dba191b1,567
a4d621da2d,542
8f7b7b9980,478
d9d06aa699,745
dd87f1a21f,702
6c5b8b3950,584
0df53ae04c,373
1075fa3200,578
83c0564224,108
6b2f7ba83d,518
9f07d6a050,340
44ac5b2526,464
a9fd8e2a06,138
d69556b746,505
42b9ff31aa,504
f0190fc4b4,266
ac7df612ff,614
d97f94a2dd,659
ae96972c1a,262
2d8a3a262b,455
45a1f78171,522
88a4200cec,728
5fe333fd26,764
fcf61d1883,71
fefe01ac32,251
640ceb328a,612
1cb9549d2c,593
2f917b1124,566
115ee54da8,609
a91212b01e,477
df344e0599,721
b96ef7e302,578
5d4dcb9d8b,143
3cd4d01b7d,605
071d5aa17f,360
72c2499de9,535
8c232a1cf8,735
ad5454050e,397
71f6fcb48a,848
c33faa5d81,620
29ea4f92c3,526
f8921580bb,543
f288e998f5,835
707f14c59a,790
404b62a4d5,604
0f762f2746,427
0ece337a15,356
b71915a0fe,288
92c91d1494,798
d46c133c20,589
537f18bd97,501
db5bf853fc,569
3dc4b77bb5,368
8023f35b58,199
1986fcadda,592
37251064bd,194
c026a17632,588
ab72556c51,492
a90545f377,574
c5327d784b,677
b448f0fae6,467
041925f04c,580
3ad9500e43,441
b6aa5c7ab4,117
168f625d62,741
316074fdc4,776
dcbb6474ee,629
99f52af0ea,653
34bfcfa11b,367
40fbc03558,419
a19dbb48cd,296
1d9bc2591e,594
053a6f6704,559
7e5a6e5013,841
75c7d3b5a8,199
0f9beb1453,547
24b40af38f,491
f37556e4da,720
7f5a72fa2c,613
2d7a83381c,100
893bd55371,746
cba568b15f,526
c5745e04ff,89
7410f440bb,442
17972a6517,813
fbd61072f4,100
bd2a0b256c,346
36bc8044f8,674
a2da67afff,436
d583d291ea,353
9693c84080,434
b6bca345bb,610
0050766ae2,835
ac1ea6faa4,635
2bce09096c,338
9c30bb0a5f,232
8d08955cdf,752
1a72cc3d3e,632
ccfb270edb,503
b8b3f26ad4,122
4ee5d2c629,421
d752eaa82a,213
553733b17b,442
debe560cfb,504
fbf380831b,468
f0d15c63c5,151
99bc5efa33,195
d6e2bb1586,389
9031ddc924,404
da0f021c5b,481
f59821d067,305
2bd913a165,240
f52c144f24,391
8201005b79,440
54842b574a,685
0829b44678,801
a4e5b9902b,345
870be46a42,336
f4feed1635,679
9aa65d393a,155
3d6d400816,801
b7b83447c4,87
759b3aaa22,249
25bd98aec3,447
730eee262c,362
bc3f2b82ec,440
135ae076e9,91
ebacf0e713,515
d6cba9f9de,528
e642037975,574
e3b1b48b5a,660
c571804a93,566
4e3ccf37ee,643
b5b767492b,676
4b9b8c2e44,557
ce06c157c1,214
7e67ef84e1,722
923249032c,466
ae2ef70d51,818
37ba215c62,458
729c382e20,457
6edba13f1b,675
f7933b266c,202
d9e45a7fab,554
7a2eebff84,772
1277f1a611,277
8f39d964c3,571
1739b1634d,496
fb81781b44,727
93f7759d52,464
57ff97666d,570
fcf5137a10,129
f2c869e655,84
18d013fced,520
e099e54eee,458
27ec51c877,633
62de954435,456
a4c734f1a8,224
429bf7c665,727
174ebb49df,441
82adfbc0f1,130
a94450f57e,337
a988661613,744
3ee4de57f8,182
c98dfd50ba,558
e4c8dc59fa,253
d21012f5c1,595
da94055b53,135
d47c78058a,524
a72f220de9,470
d3c8980685,426
fe11d93a24,670
748f8f4106,302
a913c2fc19,420
8ca267be2b,242
de7202d286,518
a87eb66a65,794
5448c46aac,288
c9a1fd48f6,738
0cf7155eb6,464
df8caa8bdf,318
6fc88fcbed,483
930c8dd0e4,604
527c3abd5f,408
465f93cd9c,219
b8f76a8e5f,428
06523f9719,572
bb63bcb48a,319
c4ed7cdb1c,540
be90ab3e56,407
f2598805e6,703
26382e2d1f,552
51423622fd,416
a317a82463,514
7576015468,217
9b656c339a,522
7b596fc561,329
800daf6ac1,457
f7e855fc40,431
74f00bb214,743
023d486fba,835
1623de321c,657
f3ee165cd0,510
b354751edd,706
c2485cb6c3,605
0c600207b1,690
9efedb3b86,701
f30e47cb36,368
3c2f5ba174,537
2bfa664017,288
c4b4099179,270
d0e8c9833f,686
7af5b00299,590
9ea0525027,142
9053aa6508,175
755c1e849f,397
e0d98e6fde,525
894b9ae774,848
f57cb32d6d,296
60638605b1,753
48940ae0b0,608
86f892ad2f,689
9f2e5a8c24,753
e6caf5eb81,277
94e7558e32,441
762f01c185,113
85c191c52c,691
fd63516ff4,651
15d76f1672,494
96aeb8d018,336
2f2e86de0b,671
00a3af90ab,531
589e94265a,667
8116fa64d4,399
9472731dfd,568
11bfb46a23,515
7ec839af45,81
66cd349922,607
570d1da727,740
f9d8f014c2,388
92d9025a37,888
f9d03271d6,585
370763b8a9,581
6d93c0a95e,554
3cd0ce6e18,132
76ecdc5896,745
a4ae0c0e35,442
c6648ea2ca,811
9146f2afd1,573
8db0a68a4c,239
078f36a006,602
0497f2d447,482
38ec59117e,667
6d69267940,614
7bfd026d91,585
58d62862fa,573
e27400528c,498
05c33e6854,661
c8404c2d4f,288
776d123d8d,180
e44dcaeb74,143
6dba47cc58,692
9b80cf8992,586
6db821bf5f,842
d268ae57b5,434
a7b1f4bae1,203
875b087f1c,876
8919be1266,519
ce16b0d0bc,333
f28b483859,814
b9a7c521ac,811
c749d05181,761
a5833d6cc4,216
cd2046479c,302
ca84b9e8d4,323
8b5757d8ee,648
37aa9fc79a,391
84e305da04,502
4ac19fb269,306
ec5db065d9,512
3320eb35e4,459
911f05128d,801
c42d63b0e6,430
9fe707f837,719
9492db510d,181
6545c6235b,95
d4acb30303,444
3e87545802,754
cef03959d8,221
1d0a131f99,540
ab82b9e44e,583
186edd93a3,595
99405de5c5,449
b42ffc97d4,419
dae1555fbf,707
0822e176b2,794
9f4471dcd6,884
cfcffeda9e,671
2f493f72ff,541
457d5edb4c,439
96cc5caec0,857
5ee2d40bbb,385
459396b418,270
46dd77ede5,217
b8ee1d8dbd,181
66cf41c563,577
1f9dcb9a1f,609
1dbc694c5d,532
c352f6069b,530
b76760a4a1,532
db9bb00470,848
1724889841,424
e101b9a0ec,793
5108785aaf,373
34f61e9a54,648
bb1743a571,245
dcca0c8297,428
146ec37657,497
423800be38,687
f85a85710a,634
0f19680b4d,540
56ab4fae30,630
84242f42bc,756
abbfb56731,555
feb90d8376,397
b2958f2747,821
9c6f8e4676,673
963210b127,421
aeb36c1964,515
499560e566,512
547c9d83fd,206
d30ad7d936,303
b6ebc3831e,155
29beb70925,680
7134e4acac,761
d4033ae7f2,604
077cb8696f,240
c7a92a6707,578
53e17edd83,738
1d2cd614be,190
39dd1c43bd,788
62e72fe39a,154
dd11ae96e3,753
3072ae3119,780
23e1bb3ee8,484
2b1e71c2a3,684
a4932322ce,546
d5afcea9a2,461
361d5e6834,687
0deadce8f1,478
9539d280a6,570
0f02cec809,453
30491b379f,796
1f50bc7a9f,873
a2a012f128,157
3480629331,423
5d07e84138,489
de261976e6,652
4f02bab289,335
6957579961,640
2444e83809,696
46c1a0e9a3,88
b240582de8,430
eb23ddad08,583
2101c21f75,513
7ec803b58a,590
7e26f45eb9,770
22fdf96a54,631
c0cbdabcc3,696
e2810cc777,810
e12cd094a6,758
49336bb17b,385
ba045610d1,398
97adf32d4d,590
a5d188bbd7,647
5c0cde01b7,727
230226a446,581
a149b73993,366
6c40978ddf,393
1e5e713964,567
dca3f5ce34,749
289af097b0,284
67d3486ac8,171
9ccf9ff1c3,781
32887c2719,374
a8e4e6ddec,590
c09f4e95e8,635
4319885cf1,719
6558dcde17,722
b91a91adc5,414
d14ad5cb55,661
97a653e83c,301
a3e89a273d,663
843f9892ef,408
accb644c9e,440
7d87ab4aa8,580
f7d4d6fb0d,112
0eb52aa52a,659
ce9c3510a8,407
4776354474,257
25d24d4554,587
086deb3ccb,598
e4d2bf6036,669
08640ede7a,723
4f105993c5,493
9dde6475f9,370
e185ab5dc1,687
38063f77a8,833
938d11586e,449
73f58ba609,220
429b289e07,562
a653a50dc4,198
5a02df7676,564
6760543d8f,151
ad2fa649f7,858
e9ce8188b9,740
a959b2372a,662
ef406bff03,719
8c916f9cb5,691
efe3043924,250
81c77c1b6c,386
7c99d1c1eb,292
fd9db12ca0,813
a6ba9b9f91,651
83967f4314,829
03a9a9f615,582
2b39f9a88f,91
01c2045d03,640
557feaaf65,432
7ec97427ca,466
1751290ca2,737
396ae389d8,825
3c66e5ab54,556
af171a3570,356
be2dd1db16,206
a562619124,179
d0eb51a04f,398
70c92bc80f,432
6dc7a51dd9,377
fbc98aedc0,208
9b450671aa,259
9511856b03,427
0108518d1e,424
c78996aa02,266
f7e8060b57,724
05b69f83bf,88
fb47e8e74e,757
4c43d99f68,184
93196366e1,621
16207869ba,359
44d745a704,307
711c478c93,548
84e23dba29,576
e73532b450,703
8329ec9395,625
7e7276d088,491
0e63d9a8b4,515
1d80de2ec9,277
919bc0e2ba,352
5cada3d3f1,364
0530b67189,437
fb44090bc7,842
3c1ed5cc1f,555
c7f54785b8,297
158765ed16,330
3ff3881428,100
e8d8b35601,637
a7cfa30d35,843
917ef84e64,949
633c7d5c80,249
30082e87d9,630
f139be21a4,715
ac931ace49,141
cb36193e2f,648
9cbd5ddba4,218
caa039b231,602
1306fcee4c,177
48d81e93d9,221
edf1e6ac00,460
